model,layer_index,layer_number,woven_spearman,dnn_spearman,pred_dict_path,tower_neural_spearman,tower_neural_p,tower_bootstrap_mean,tower_bootstrap_ci_low,tower_bootstrap_ci_high,v1_neural_spearman,v1_neural_p,v1_bootstrap_mean,v1_bootstrap_ci_low,v1_bootstrap_ci_high,interaction_F,interaction_p
videomae,0,1,0.2571428571428572,-0.028571428571428574,/gpfs/milgram/pi/yildirim/wb338/github/fmri/submit_new_codes_after_nc-r1/new/outputs/analysis/model_predictions_all_layers/videomae_ridge_mean_1.0_ntrain=7075/pred_dict_layer_index=0_layer_number=1.npy,0.07164695248000612,0.3628,0.0714063888482527,-0.08551601770233437,0.22505996798185365,-0.08031271073104208,0.409,-0.08070751388092179,-0.27076696323758587,0.1138324047777577,5.191062872751965,0.032312407337853837
videomae,1,2,0.2,-0.6,/gpfs/milgram/pi/yildirim/wb338/github/fmri/submit_new_codes_after_nc-r1/new/outputs/analysis/model_predictions_all_layers/videomae_ridge_mean_1.0_ntrain=7075/pred_dict_layer_index=1_layer_number=2.npy,0.07263242678584991,0.4374,0.07263502366565668,-0.11001823276575348,0.24781033054946452,-0.18510218785766172,0.0448,-0.18501176995147262,-0.3630776519474189,-0.0051382237132775645,5.550357694608282,0.02737368024416312
videomae,2,3,-0.3714285714285715,-0.48571428571428577,/gpfs/milgram/pi/yildirim/wb338/github/fmri/submit_new_codes_after_nc-r1/new/outputs/analysis/model_predictions_all_layers/videomae_ridge_mean_1.0_ntrain=7075/pred_dict_layer_index=2_layer_number=3.npy,-0.001110733763090228,0.983,-0.002926188799949168,-0.17446474052942307,0.16532814241371477,-0.06442553792552298,0.4844,-0.06361148090454165,-0.2409721975909605,0.12236019827454728,1.6685593898848379,0.20928181987340572
videomae,3,4,-0.3142857142857143,-0.2571428571428572,/gpfs/milgram/pi/yildirim/wb338/github/fmri/submit_new_codes_after_nc-r1/new/outputs/analysis/model_predictions_all_layers/videomae_ridge_mean_1.0_ntrain=7075/pred_dict_layer_index=3_layer_number=4.npy,-0.04474468832499547,0.5744,-0.045365393674880114,-0.20205105393079553,0.1110351557971114,-0.13168718049043082,0.1724,-0.13215354547900043,-0.31320039619434403,0.05676503862284304,3.134630607385864,0.08990088820677138
videomae,4,5,-0.3142857142857143,-0.2571428571428572,/gpfs/milgram/pi/yildirim/wb338/github/fmri/submit_new_codes_after_nc-r1/new/outputs/analysis/model_predictions_all_layers/videomae_ridge_mean_1.0_ntrain=7075/pred_dict_layer_index=4_layer_number=5.npy,-0.04474468832499547,0.5784,-0.04408458841524183,-0.1972009701500792,0.11127992319838766,-0.13168718049043082,0.1716,-0.1310260592979605,-0.3124941637751263,0.05893184902791856,3.134630607385864,0.08990088820677138
videomae,5,6,-0.14285714285714288,-0.3714285714285715,/gpfs/milgram/pi/yildirim/wb338/github/fmri/submit_new_codes_after_nc-r1/new/outputs/analysis/model_predictions_all_layers/videomae_ridge_mean_1.0_ntrain=7075/pred_dict_layer_index=5_layer_number=6.npy,-0.008650430650795496,0.9136,-0.00843595585145875,-0.1624257020031529,0.14806956678839714,-0.07309628170393608,0.4224,-0.07312687456952913,-0.24997475227255803,0.11042477748790827,3.3101482634151447,0.08189636341842675
videomae,6,7,-0.3142857142857143,-0.2571428571428572,/gpfs/milgram/pi/yildirim/wb338/github/fmri/submit_new_codes_after_nc-r1/new/outputs/analysis/model_predictions_all_layers/videomae_ridge_mean_1.0_ntrain=7075/pred_dict_layer_index=6_layer_number=7.npy,-0.04474468832499547,0.5814,-0.04429388684364173,-0.19919608101204447,0.10845209465230334,-0.13168718049043082,0.1682,-0.1302241871745369,-0.30581851686918976,0.05854108688137964,3.134630607385864,0.08990088820677138
videomae,7,8,-0.2,-0.48571428571428577,/gpfs/milgram/pi/yildirim/wb338/github/fmri/submit_new_codes_after_nc-r1/new/outputs/analysis/model_predictions_all_layers/videomae_ridge_mean_1.0_ntrain=7075/pred_dict_layer_index=7_layer_number=8.npy,0.008405887857834637,0.9118,0.00878278321181979,-0.14998966938987054,0.16308490977581686,-0.13906146834189548,0.1418,-0.141622874912964,-0.32707287703320814,0.04648745380290313,3.7920816247548954,0.06380580387431684
videomae,8,9,-0.3142857142857143,-0.2571428571428572,/gpfs/milgram/pi/yildirim/wb338/github/fmri/submit_new_codes_after_nc-r1/new/outputs/analysis/model_predictions_all_layers/videomae_ridge_mean_1.0_ntrain=7075/pred_dict_layer_index=8_layer_number=9.npy,-0.09186454598231113,0.2742,-0.093063806197345,-0.2548274295371546,0.0782160891572501,-0.19604084703442667,0.0242,-0.19748795771288213,-0.3640809951508868,-0.024760854232697218,3.7052858827209136,0.06669587364489311
videomae,9,10,-0.14285714285714288,-0.3714285714285715,/gpfs/milgram/pi/yildirim/wb338/github/fmri/submit_new_codes_after_nc-r1/new/outputs/analysis/model_predictions_all_layers/videomae_ridge_mean_1.0_ntrain=7075/pred_dict_layer_index=9_layer_number=10.npy,-0.008650430650795496,0.9158,-0.008339687347694023,-0.16814416374762026,0.14841766198462983,-0.07309628170393608,0.4468,-0.070508134128088,-0.24971063411363217,0.10979661489107069,3.3101482634151447,0.08189636341842675
videomae,10,11,-0.08571428571428573,0.2,/gpfs/milgram/pi/yildirim/wb338/github/fmri/submit_new_codes_after_nc-r1/new/outputs/analysis/model_predictions_all_layers/videomae_ridge_mean_1.0_ntrain=7075/pred_dict_layer_index=10_layer_number=11.npy,-0.056755762613954965,0.5078,-0.05635931039847775,-0.21911126729573316,0.1055205991493564,-0.0326604711213124,0.729,-0.03164340694229316,-0.2157104516660795,0.15789267599314077,1.7209278277328408,0.20251743618726833
videomae,11,12,-0.08571428571428573,0.2,/gpfs/milgram/pi/yildirim/wb338/github/fmri/submit_new_codes_after_nc-r1/new/outputs/analysis/model_predictions_all_layers/videomae_ridge_mean_1.0_ntrain=7075/pred_dict_layer_index=11_layer_number=12.npy,-0.056755762613954965,0.5012,-0.0560188228937158,-0.2127039848798882,0.10334806185752501,-0.0326604711213124,0.742,-0.03053776514190119,-0.21597673330831177,0.16230824894963652,1.7209278277328408,0.20251743618726833
vivit,0,1,-0.4285714285714286,-0.3142857142857143,/gpfs/milgram/pi/yildirim/wb338/github/fmri/submit_new_codes_after_nc-r1/new/outputs/analysis/model_predictions_all_layers/vivit_ridge_cls_1.0_ntrain=7075/pred_dict_layer_index=0_layer_number=1.npy,-0.16104806954649334,0.0976,-0.15987094838271274,-0.3365533199622802,0.03102504754428507,-0.2309390490295352,0.0064,-0.23205045942867256,-0.39835554290391095,-0.06682114577433844,3.024324810788784,0.09539375330730591
vivit,1,2,-0.4285714285714286,-0.2571428571428572,/gpfs/milgram/pi/yildirim/wb338/github/fmri/submit_new_codes_after_nc-r1/new/outputs/analysis/model_predictions_all_layers/vivit_ridge_cls_1.0_ntrain=7075/pred_dict_layer_index=1_layer_number=2.npy,-0.12988536562766123,0.092,-0.13142519590198717,-0.2683857038319417,0.025021901212765693,-0.21575427104793846,0.0064,-0.21565834366613368,-0.36167608889494096,-0.05692151249610103,4.573137542389832,0.04332437476839898
vivit,2,3,-0.3142857142857143,-0.2571428571428572,/gpfs/milgram/pi/yildirim/wb338/github/fmri/submit_new_codes_after_nc-r1/new/outputs/analysis/model_predictions_all_layers/vivit_ridge_cls_1.0_ntrain=7075/pred_dict_layer_index=2_layer_number=3.npy,-0.04474468832499547,0.5666,-0.04499700286228344,-0.19941013112670666,0.10627192848115113,-0.13168718049043082,0.1612,-0.1323969136230222,-0.30903725736621757,0.05654817025999212,3.134630607385864,0.08990088820677138
vivit,3,4,-0.4285714285714286,0.5428571428571429,/gpfs/milgram/pi/yildirim/wb338/github/fmri/submit_new_codes_after_nc-r1/new/outputs/analysis/model_predictions_all_layers/vivit_ridge_cls_1.0_ntrain=7075/pred_dict_layer_index=3_layer_number=4.npy,-0.12283306987025182,0.1502,-0.12222525211266534,-0.28973679815107056,0.046381782647682994,0.04536132445161085,0.5386,0.04607383580665018,-0.09976605501177875,0.192811935602726,0.775413395079449,0.38765662201406414
vivit,4,5,-0.5428571428571429,-0.028571428571428574,/gpfs/milgram/pi/yildirim/wb338/github/fmri/submit_new_codes_after_nc-r1/new/outputs/analysis/model_predictions_all_layers/vivit_ridge_cls_1.0_ntrain=7075/pred_dict_layer_index=4_layer_number=5.npy,-0.1359160841531757,0.0676,-0.13681698570195897,-0.2758157088393338,0.010828913762830239,-0.1440263166524779,0.0522,-0.14482844592105493,-0.28165665618942687,0.0007643566486135538,3.067053689740328,0.09322110864365746
vivit,5,6,-0.3714285714285715,-0.2,/gpfs/milgram/pi/yildirim/wb338/github/fmri/submit_new_codes_after_nc-r1/new/outputs/analysis/model_predictions_all_layers/vivit_ridge_cls_1.0_ntrain=7075/pred_dict_layer_index=5_layer_number=6.npy,-0.12643735935368508,0.1576,-0.12652768591661356,-0.2885136076213966,0.051877023365842954,-0.2152140477109374,0.0084,-0.21582610281635858,-0.37237733486384456,-0.06070001439433744,3.790119281407148,0.0638695466153742
vivit,6,7,-0.2,-0.48571428571428577,/gpfs/milgram/pi/yildirim/wb338/github/fmri/submit_new_codes_after_nc-r1/new/outputs/analysis/model_predictions_all_layers/vivit_ridge_cls_1.0_ntrain=7075/pred_dict_layer_index=6_layer_number=7.npy,0.008405887857834637,0.9092,0.008868788560308477,-0.14876326465133402,0.16792952781635628,-0.13906146834189548,0.1598,-0.13741142765383207,-0.3266813854592784,0.05583737696816928,3.7920816247548954,0.06380580387431684
vivit,7,8,0.14285714285714288,0.8857142857142858,/gpfs/milgram/pi/yildirim/wb338/github/fmri/submit_new_codes_after_nc-r1/new/outputs/analysis/model_predictions_all_layers/vivit_ridge_cls_1.0_ntrain=7075/pred_dict_layer_index=7_layer_number=8.npy,-0.042113407206770814,0.5984,-0.0428384598425257,-0.20020232036636906,0.11544892876585731,0.19269666873484734,0.036,0.19282887440677723,0.012035725083510406,0.3676762174403057,0.5383040243537488,0.47054984314101533
vivit,8,9,-0.08571428571428573,0.2,/gpfs/milgram/pi/yildirim/wb338/github/fmri/submit_new_codes_after_nc-r1/new/outputs/analysis/model_predictions_all_layers/vivit_ridge_cls_1.0_ntrain=7075/pred_dict_layer_index=8_layer_number=9.npy,-0.056755762613954965,0.4932,-0.05622066393216155,-0.21450559571217484,0.10584966306165819,-0.0326604711213124,0.7372,-0.0317094836197605,-0.21509841617565356,0.15726210457359455,1.7209278277328408,0.20251743618726833
vivit,9,10,0.2571428571428572,-0.028571428571428574,/gpfs/milgram/pi/yildirim/wb338/github/fmri/submit_new_codes_after_nc-r1/new/outputs/analysis/model_predictions_all_layers/vivit_ridge_cls_1.0_ntrain=7075/pred_dict_layer_index=9_layer_number=10.npy,0.07164695248000612,0.3682,0.07145045087446653,-0.08624508937649296,0.22463050477021956,-0.08031271073104208,0.4018,-0.07998250775053106,-0.26275619659075655,0.10871825219272047,5.191062872751965,0.032312407337853837
vivit,10,11,-0.3142857142857143,-0.2571428571428572,/gpfs/milgram/pi/yildirim/wb338/github/fmri/submit_new_codes_after_nc-r1/new/outputs/analysis/model_predictions_all_layers/vivit_ridge_cls_1.0_ntrain=7075/pred_dict_layer_index=10_layer_number=11.npy,-0.09186454598231113,0.2888,-0.09178069431895658,-0.25639492170242323,0.08137730475806261,-0.19604084703442667,0.0208,-0.19763409751145553,-0.366846233134941,-0.02607449224839846,3.7052858827209136,0.06669587364489311
vivit,11,12,-0.48571428571428577,-0.3714285714285715,/gpfs/milgram/pi/yildirim/wb338/github/fmri/submit_new_codes_after_nc-r1/new/outputs/analysis/model_predictions_all_layers/vivit_ridge_cls_1.0_ntrain=7075/pred_dict_layer_index=11_layer_number=12.npy,-0.16449607582046946,0.0462,-0.16628284147320635,-0.31325063802751374,-0.004302323755705212,-0.2314792723665362,0.008,-0.2305517768884065,-0.3846083813941071,-0.06422111445964886,3.8593265490685327,0.061664655538606054
vjepa2,0,1,0.5428571428571429,0.4285714285714286,/gpfs/milgram/pi/yildirim/wb338/github/fmri/submit_new_codes_after_nc-r1/new/outputs/analysis/model_predictions_all_layers/vjepa2_hf_ridge_mean_1.0_ntrain=7075/pred_dict_layer_index=0_layer_number=1.npy,0.12537139548125273,0.0926,0.1239684736018173,-0.02030033724361053,0.2748083759226961,0.05307197729618385,0.5604,0.053482926865952254,-0.12333097781378163,0.23218397776652394,6.203492503917233,0.020409040276048233
vjepa2,1,2,-0.08571428571428573,0.3142857142857143,/gpfs/milgram/pi/yildirim/wb338/github/fmri/submit_new_codes_after_nc-r1/new/outputs/analysis/model_predictions_all_layers/vjepa2_hf_ridge_mean_1.0_ntrain=7075/pred_dict_layer_index=1_layer_number=2.npy,0.0055696452237092575,0.9302,0.005198091806645326,-0.14989828136213124,0.14978402014076592,-0.0022909151581188836,0.9444,-0.0031492186411449887,-0.14674219616607237,0.15049761996345198,2.632740555766566,0.1183097273946225
vjepa2,2,3,0.2,-0.48571428571428577,/gpfs/milgram/pi/yildirim/wb338/github/fmri/submit_new_codes_after_nc-r1/new/outputs/analysis/model_predictions_all_layers/vjepa2_hf_ridge_mean_1.0_ntrain=7075/pred_dict_layer_index=2_layer_number=3.npy,0.177530521236707,0.0752,0.17884655408234926,-0.017109051559864134,0.3652591885993451,0.02421488651288518,0.7784,0.025671110991202027,-0.16181500561941045,0.2078154095105227,3.9699335863559377,0.05831819945471433
vjepa2,3,4,0.8857142857142858,0.14285714285714288,/gpfs/milgram/pi/yildirim/wb338/github/fmri/submit_new_codes_after_nc-r1/new/outputs/analysis/model_predictions_all_layers/vjepa2_hf_ridge_mean_1.0_ntrain=7075/pred_dict_layer_index=3_layer_number=4.npy,0.26439459289000533,0.0062,0.26375285690286354,0.08025044088917037,0.45000560897159075,0.0894776783269222,0.274,0.089848971599748,-0.07263394153197456,0.24970933263912737,8.005688303319738,0.009503949357594077
vjepa2,4,5,-0.2,-0.2,/gpfs/milgram/pi/yildirim/wb338/github/fmri/submit_new_codes_after_nc-r1/new/outputs/analysis/model_predictions_all_layers/vjepa2_hf_ridge_mean_1.0_ntrain=7075/pred_dict_layer_index=4_layer_number=5.npy,0.01910216381549475,0.8158,0.0187452269173339,-0.14127306298081937,0.1780528275602843,-0.061899926417253344,0.4982,-0.06175715199415747,-0.23584323065960391,0.11410215208205082,3.402472808269805,0.07801699040971784
vjepa2,5,6,0.3142857142857143,0.6571428571428573,/gpfs/milgram/pi/yildirim/wb338/github/fmri/submit_new_codes_after_nc-r1/new/outputs/analysis/model_predictions_all_layers/vjepa2_hf_ridge_mean_1.0_ntrain=7075/pred_dict_layer_index=5_layer_number=6.npy,0.08131985731038814,0.2992,0.08115741124200992,-0.08135331893753996,0.22861908672791098,0.10508650767813262,0.1778,0.10455076464033179,-0.04784933439189424,0.25801629107704005,4.676503196672788,0.041219507458061105
vjepa2,6,7,0.8285714285714287,0.4285714285714286,/gpfs/milgram/pi/yildirim/wb338/github/fmri/submit_new_codes_after_nc-r1/new/outputs/analysis/model_predictions_all_layers/vjepa2_hf_ridge_mean_1.0_ntrain=7075/pred_dict_layer_index=6_layer_number=7.npy,0.2146920229811513,0.0074,0.21461220152289714,0.057535313338838455,0.3786893632208088,0.09739218951538793,0.2482,0.09837635996969998,-0.06452205067116387,0.2628437808212751,,
vjepa2,7,8,0.3142857142857143,0.6571428571428573,/gpfs/milgram/pi/yildirim/wb338/github/fmri/submit_new_codes_after_nc-r1/new/outputs/analysis/model_predictions_all_layers/vjepa2_hf_ridge_mean_1.0_ntrain=7075/pred_dict_layer_index=7_layer_number=8.npy,0.08131985731038814,0.3036,0.08123197981777755,-0.07986063213036644,0.229514997593739,0.10508650767813262,0.1748,0.10512560354444979,-0.04764457884470949,0.25666543688312576,4.676503196672788,0.041219507458061105
vjepa2,8,9,-0.14285714285714288,-0.3714285714285715,/gpfs/milgram/pi/yildirim/wb338/github/fmri/submit_new_codes_after_nc-r1/new/outputs/analysis/model_predictions_all_layers/vjepa2_hf_ridge_mean_1.0_ntrain=7075/pred_dict_layer_index=8_layer_number=9.npy,-0.008650430650795496,0.9046,-0.00911241573615635,-0.166897307792813,0.1549288251788212,-0.07309628170393608,0.4364,-0.07288491021086527,-0.25208777890635065,0.10870759027777274,3.3101482634151447,0.08189636341842675
vjepa2,9,10,0.2571428571428572,-0.7714285714285715,/gpfs/milgram/pi/yildirim/wb338/github/fmri/submit_new_codes_after_nc-r1/new/outputs/analysis/model_predictions_all_layers/vjepa2_hf_ridge_mean_1.0_ntrain=7075/pred_dict_layer_index=9_layer_number=10.npy,0.09121018959730605,0.329,0.09330064850802282,-0.09706935818927898,0.2770289283171642,-0.21164967638563711,0.0138,-0.21241852723766405,-0.3846082187046226,-0.04395577257286086,6.0872788734828305,0.021488324708418494
vjepa2,10,11,0.8285714285714287,0.4285714285714286,/gpfs/milgram/pi/yildirim/wb338/github/fmri/submit_new_codes_after_nc-r1/new/outputs/analysis/model_predictions_all_layers/vjepa2_hf_ridge_mean_1.0_ntrain=7075/pred_dict_layer_index=10_layer_number=11.npy,0.2146920229811513,0.008,0.21526014594229345,0.057052597855061365,0.3821388989904793,0.09739218951538793,0.2462,0.09840709447151517,-0.06650695980085274,0.2633913393104994,,
vjepa2,11,12,-0.48571428571428577,-0.08571428571428573,/gpfs/milgram/pi/yildirim/wb338/github/fmri/submit_new_codes_after_nc-r1/new/outputs/analysis/model_predictions_all_layers/vjepa2_hf_ridge_mean_1.0_ntrain=7075/pred_dict_layer_index=11_layer_number=12.npy,-0.054223413124486065,0.511,-0.05382215727310431,-0.21532116539807153,0.10190099677043564,-0.060499449431971275,0.4798,-0.06161649943920063,-0.2307866809216289,0.11511215853043799,1.2849910008450944,0.26865115558035124
vjepa2,12,13,-0.48571428571428577,-0.3714285714285715,/gpfs/milgram/pi/yildirim/wb338/github/fmri/submit_new_codes_after_nc-r1/new/outputs/analysis/model_predictions_all_layers/vjepa2_hf_ridge_mean_1.0_ntrain=7075/pred_dict_layer_index=12_layer_number=13.npy,-0.02313650284852251,0.7982,-0.02331131731105194,-0.20672800189397822,0.16383011768018063,-0.038418272734548564,0.6748,-0.03813077082987589,-0.21499139141873067,0.14264270989468383,1.3879954594296162,0.250790239249559
vjepa2,13,14,-0.3714285714285715,-0.08571428571428573,/gpfs/milgram/pi/yildirim/wb338/github/fmri/submit_new_codes_after_nc-r1/new/outputs/analysis/model_predictions_all_layers/vjepa2_hf_ridge_mean_1.0_ntrain=7075/pred_dict_layer_index=13_layer_number=14.npy,-0.02153926490282797,0.805,-0.021663659045044387,-0.1952948264153348,0.15395379287133482,-0.005896973340390558,0.9702,-0.004923111437304935,-0.18539762536503324,0.17015552143215898,2.306502359182857,0.14246115468984158
vjepa2,14,15,0.7714285714285715,-0.08571428571428573,/gpfs/milgram/pi/yildirim/wb338/github/fmri/submit_new_codes_after_nc-r1/new/outputs/analysis/model_predictions_all_layers/vjepa2_hf_ridge_mean_1.0_ntrain=7075/pred_dict_layer_index=14_layer_number=15.npy,0.2468402012058272,0.0122,0.247321443871367,0.05662687798289962,0.43057112296632993,0.007787490370365052,0.9216,0.008509965964433014,-0.15554666015862645,0.17153371809996393,8.75240908982619,0.007043724632932459
vjepa2,15,16,-0.028571428571428574,0.14285714285714288,/gpfs/milgram/pi/yildirim/wb338/github/fmri/submit_new_codes_after_nc-r1/new/outputs/analysis/model_predictions_all_layers/vjepa2_hf_ridge_mean_1.0_ntrain=7075/pred_dict_layer_index=15_layer_number=16.npy,0.024147408035165407,0.7414,0.02422642788314419,-0.1323497657130753,0.17207504930408796,-0.028838403686094295,0.7096,-0.028480112205509386,-0.18090845926268237,0.13410736905536585,2.4346615353246817,0.13233480124478234
vjepa2,16,17,-0.2,-0.2,/gpfs/milgram/pi/yildirim/wb338/github/fmri/submit_new_codes_after_nc-r1/new/outputs/analysis/model_predictions_all_layers/vjepa2_hf_ridge_mean_1.0_ntrain=7075/pred_dict_layer_index=16_layer_number=17.npy,0.01910216381549475,0.801,0.020030815954759192,-0.1371287955025872,0.17955422459767864,-0.061899926417253344,0.5024,-0.06057237635921923,-0.23806406531095775,0.11831877891387192,3.402472808269805,0.07801699040971784
vjepa2,17,18,0.2,0.4285714285714286,/gpfs/milgram/pi/yildirim/wb338/github/fmri/submit_new_codes_after_nc-r1/new/outputs/analysis/model_predictions_all_layers/vjepa2_hf_ridge_mean_1.0_ntrain=7075/pred_dict_layer_index=17_layer_number=18.npy,0.06376546562621006,0.3936,0.0640610683174972,-0.0910644715051931,0.20891691028929063,0.02339631972157549,0.7692,0.02329044301661851,-0.11947817189544294,0.1737743112215856,4.2665947708743746,0.050314968019421015
vjepa2,18,19,-0.5428571428571429,-0.028571428571428574,/gpfs/milgram/pi/yildirim/wb338/github/fmri/submit_new_codes_after_nc-r1/new/outputs/analysis/model_predictions_all_layers/vjepa2_hf_ridge_mean_1.0_ntrain=7075/pred_dict_layer_index=18_layer_number=19.npy,-0.1359160841531757,0.0722,-0.13695153767472992,-0.2793425723191872,0.012663558102209703,-0.1440263166524779,0.0568,-0.1432115430081586,-0.27891518369212476,0.004644275419686509,3.067053689740328,0.09322110864365746
vjepa2,19,20,-0.14285714285714288,-0.3714285714285715,/gpfs/milgram/pi/yildirim/wb338/github/fmri/submit_new_codes_after_nc-r1/new/outputs/analysis/model_predictions_all_layers/vjepa2_hf_ridge_mean_1.0_ntrain=7075/pred_dict_layer_index=19_layer_number=20.npy,-0.008650430650795496,0.9032,-0.00895193020337567,-0.1687824377973036,0.1554272364523428,-0.07309628170393608,0.439,-0.0716075754671247,-0.25037899075670833,0.11199253160554853,3.3101482634151447,0.08189636341842675
vjepa2,20,21,-0.3142857142857143,-0.2571428571428572,/gpfs/milgram/pi/yildirim/wb338/github/fmri/submit_new_codes_after_nc-r1/new/outputs/analysis/model_predictions_all_layers/vjepa2_hf_ridge_mean_1.0_ntrain=7075/pred_dict_layer_index=20_layer_number=21.npy,-0.04474468832499547,0.569,-0.045101307036677064,-0.19957563413953808,0.10871591175786173,-0.13168718049043082,0.1718,-0.13133011045289128,-0.3129709503991346,0.061957620660013354,3.134630607385864,0.08990088820677138
vjepa2,21,22,-0.5428571428571429,-0.028571428571428574,/gpfs/milgram/pi/yildirim/wb338/github/fmri/submit_new_codes_after_nc-r1/new/outputs/analysis/model_predictions_all_layers/vjepa2_hf_ridge_mean_1.0_ntrain=7075/pred_dict_layer_index=21_layer_number=22.npy,-0.08879622649586005,0.27,-0.08836777395307951,-0.24591602273506816,0.07048353022153184,-0.079672650108482,0.3188,-0.08007254083191366,-0.2336669032472071,0.08105538205225386,1.9004485970884062,0.18129040292843737
vjepa2,22,23,-0.08571428571428573,0.3142857142857143,/gpfs/milgram/pi/yildirim/wb338/github/fmri/submit_new_codes_after_nc-r1/new/outputs/analysis/model_predictions_all_layers/vjepa2_hf_ridge_mean_1.0_ntrain=7075/pred_dict_layer_index=22_layer_number=23.npy,0.0055696452237092575,0.9132,0.005491749535873821,-0.15014935797585996,0.14738137703591825,-0.0022909151581188836,0.946,-0.002944992973560868,-0.14550885379683248,0.15082017100983736,2.632740555766566,0.1183097273946225
vjepa2,23,24,0.14285714285714288,0.8857142857142858,/gpfs/milgram/pi/yildirim/wb338/github/fmri/submit_new_codes_after_nc-r1/new/outputs/analysis/model_predictions_all_layers/vjepa2_hf_ridge_mean_1.0_ntrain=7075/pred_dict_layer_index=23_layer_number=24.npy,-0.042113407206770814,0.6194,-0.041226145902530695,-0.20204525374871618,0.11704576046199369,0.19269666873484734,0.038,0.1931126312849188,0.010605252305769499,0.36804099776110016,0.5383040243537488,0.47054984314101533
