model,layer_index,layer_number,woven_spearman,woven_p,dnn_spearman,dnn_p,physics_neural_spearman,physics_neural_p,physics_bootstrap_mean_spearman,physics_bootstrap_ci_low,physics_bootstrap_ci_high,physics_bootstrap_p,v1_neural_spearman,v1_neural_p,v1_bootstrap_mean_spearman,v1_bootstrap_ci_low,v1_bootstrap_ci_high,v1_bootstrap_p,interaction_F,interaction_p,interaction_effect
V-JEPA2,0,1,0.0,1.0,1.0,0.0,-0.6000000000000001,0.3999999999999999,-0.5559199999999999,-1.0,0.39999999999999997,0.102,1.0,0.0,0.8206200000000001,0.39999999999999997,1.0,0.009,,,
V-JEPA2,1,2,-0.19999999999999998,0.8,0.39999999999999997,0.6,-0.39999999999999997,0.6,-0.36394000000000004,-0.7999999999999999,0.0,0.0318,0.39999999999999997,0.6,0.4531,0.0,1.0,0.0304,,,
V-JEPA2,2,3,0.0,1.0,1.0,0.0,-0.6000000000000001,0.3999999999999999,-0.54452,-1.0,0.39999999999999997,0.1136,1.0,0.0,0.8179400000000001,0.39999999999999997,1.0,0.0118,,,
V-JEPA2,3,4,0.0,1.0,1.0,0.0,-0.6000000000000001,0.3999999999999999,-0.5458199999999999,-1.0,0.39999999999999997,0.1116,1.0,0.0,0.8213000000000001,0.39999999999999997,1.0,0.0092,,,
V-JEPA2,4,5,0.39999999999999997,0.6,0.19999999999999998,0.8,0.19999999999999998,0.8,0.1616,-0.39999999999999997,0.7999999999999999,0.4406,0.19999999999999998,0.8,-0.0174,-0.7999999999999999,0.39999999999999997,0.912,,,
V-JEPA2,5,6,-0.39999999999999997,0.6,0.7999999999999999,0.20000000000000007,-0.7999999999999999,0.20000000000000007,-0.7077200000000001,-1.0,-0.19999999999999998,0.0242,0.7999999999999999,0.20000000000000007,0.8017400000000001,0.39999999999999997,1.0,0.0152,,,
V-JEPA2,6,7,0.39999999999999997,0.6,-0.7999999999999999,0.20000000000000007,0.7999999999999999,0.20000000000000007,0.696,-0.19999999999999998,1.0,0.0896,-0.7999999999999999,0.20000000000000007,-0.72774,-1.0,0.0,0.0162,,,
V-JEPA2,7,8,-0.7999999999999999,0.20000000000000007,-0.39999999999999997,0.6,-0.39999999999999997,0.6,-0.29114,-0.7999999999999999,0.39999999999999997,0.4226,-0.39999999999999997,0.6,-0.15267999999999998,-0.7999999999999999,0.39999999999999997,0.5668,,,
V-JEPA2,8,9,0.0,1.0,-1.0,0.0,0.6000000000000001,0.3999999999999999,0.5491199999999999,-0.39999999999999997,1.0,0.1116,-1.0,0.0,-0.82032,-1.0,-0.39999999999999997,0.0092,,,
V-JEPA2,9,10,0.39999999999999997,0.6,-0.7999999999999999,0.20000000000000007,0.7999999999999999,0.20000000000000007,0.6972400000000002,-0.19999999999999998,1.0,0.0876,-0.7999999999999999,0.20000000000000007,-0.7272000000000001,-1.0,0.0,0.0152,,,
V-JEPA2,10,11,0.0,1.0,-1.0,0.0,0.6000000000000001,0.3999999999999999,0.5523,-0.39999999999999997,1.0,0.1034,-1.0,0.0,-0.8213000000000001,-1.0,-0.39999999999999997,0.0082,,,
V-JEPA2,11,12,0.0,1.0,-1.0,0.0,0.6000000000000001,0.3999999999999999,0.5526399999999999,-0.39999999999999997,1.0,0.1016,-1.0,0.0,-0.81934,-1.0,-0.39999999999999997,0.0106,,,
V-JEPA2,12,13,0.0,1.0,-1.0,0.0,0.6000000000000001,0.3999999999999999,0.54936,-0.39999999999999997,1.0,0.109,-1.0,0.0,-0.82096,-1.0,-0.39999999999999997,0.0078,,,
V-JEPA2,13,14,-0.6000000000000001,0.3999999999999999,-0.7999999999999999,0.20000000000000007,0.0,1.0,0.05201999999999997,-0.7999999999999999,0.7999999999999999,0.3614,-0.7999999999999999,0.20000000000000007,-0.49918,-0.7999999999999999,0.0,0.0128,,,
V-JEPA2,14,15,0.0,1.0,-1.0,0.0,0.6000000000000001,0.3999999999999999,0.5543999999999999,-0.39999999999999997,1.0,0.1102,-1.0,0.0,-0.8220400000000001,-1.0,-0.39999999999999997,0.009,,,
V-JEPA2,15,16,0.0,1.0,-1.0,0.0,0.6000000000000001,0.3999999999999999,0.5496800000000001,-0.39999999999999997,1.0,0.1024,-1.0,0.0,-0.82188,-1.0,-0.39999999999999997,0.009,,,
V-JEPA2,16,17,0.39999999999999997,0.6,-0.7999999999999999,0.20000000000000007,0.7999999999999999,0.20000000000000007,0.7043400000000001,0.19999999999999998,1.0,0.0198,-0.7999999999999999,0.20000000000000007,-0.79986,-1.0,-0.39999999999999997,0.0154,,,
V-JEPA2,17,18,0.7999999999999999,0.20000000000000007,-0.6000000000000001,0.3999999999999999,1.0,0.0,0.8475799999999999,0.39999999999999997,1.0,0.0016,-0.6000000000000001,0.3999999999999999,-0.7077399999999999,-1.0,0.0,0.0204,,,
V-JEPA2,18,19,0.39999999999999997,0.6,-0.7999999999999999,0.20000000000000007,0.7999999999999999,0.20000000000000007,0.7029200000000001,0.19999999999999998,1.0,0.0218,-0.7999999999999999,0.20000000000000007,-0.7982800000000001,-1.0,-0.39999999999999997,0.0148,,,
V-JEPA2,19,20,0.7999999999999999,0.20000000000000007,-0.6000000000000001,0.3999999999999999,1.0,0.0,0.84626,0.39999999999999997,1.0,0.0014,-0.6000000000000001,0.3999999999999999,-0.7071800000000001,-1.0,0.0,0.0184,,,
V-JEPA2,20,21,0.7999999999999999,0.20000000000000007,-0.6000000000000001,0.3999999999999999,1.0,0.0,0.8465400000000002,0.39999999999999997,1.0,0.0022,-0.6000000000000001,0.3999999999999999,-0.70448,-1.0,0.0,0.0222,,,
V-JEPA2,21,22,0.7999999999999999,0.20000000000000007,-0.6000000000000001,0.3999999999999999,1.0,0.0,0.8503697366596101,0.39999999999999997,1.0,0.0008,-0.6000000000000001,0.3999999999999999,-0.70512,-1.0,0.0,0.0212,,,
V-JEPA2,22,23,1.0,0.0,0.0,1.0,0.7999999999999999,0.20000000000000007,0.6476632455532034,0.0,1.0,0.0038,0.0,1.0,-0.26943999999999996,-0.7999999999999999,0.6000000000000001,0.069,,,
V-JEPA2,23,24,0.7999999999999999,0.20000000000000007,0.39999999999999997,0.6,0.39999999999999997,0.6,0.30224,-0.39999999999999997,1.0,0.441,0.39999999999999997,0.6,0.07107999999999999,-0.39999999999999997,0.7999999999999999,0.9114,,,
ViViT,0,1,0.6000000000000001,0.3999999999999999,0.7999999999999999,0.20000000000000007,0.0,1.0,-0.054519999999999985,-0.7999999999999999,0.7999999999999999,0.3624,0.7999999999999999,0.20000000000000007,0.49893999999999994,0.0,0.7999999999999999,0.0128,,,
ViViT,1,2,0.6000000000000001,0.3999999999999999,0.7999999999999999,0.20000000000000007,0.0,1.0,-0.05185999999999997,-0.7999999999999999,0.7999999999999999,0.366,0.7999999999999999,0.20000000000000007,0.4951400000000001,0.0,0.7999999999999999,0.0124,,,
ViViT,2,3,1.0,0.0,0.0,1.0,0.7999999999999999,0.20000000000000007,0.6467,0.0,1.0,0.003,0.0,1.0,-0.26624000000000003,-0.7999999999999999,0.6000000000000001,0.0724,,,
ViViT,3,4,0.7999999999999999,0.20000000000000007,0.39999999999999997,0.6,0.39999999999999997,0.6,0.29972,-0.39999999999999997,1.0,0.4396,0.39999999999999997,0.6,0.07405999999999999,-0.39999999999999997,0.7999999999999999,0.9076,,,
ViViT,4,5,0.39999999999999997,0.6,0.19999999999999998,0.8,0.19999999999999998,0.8,0.1617,-0.39999999999999997,0.7999999999999999,0.4328,0.19999999999999998,0.8,-0.011328377223398314,-0.7999999999999999,0.39999999999999997,0.8958,,,
ViViT,5,6,0.7999999999999999,0.20000000000000007,-0.6000000000000001,0.3999999999999999,1.0,0.0,0.8469200000000001,0.39999999999999997,1.0,0.0026,-0.6000000000000001,0.3999999999999999,-0.7074,-1.0,0.0,0.0202,,,
ViViT,6,7,0.6000000000000001,0.3999999999999999,0.7999999999999999,0.20000000000000007,0.0,1.0,-0.049119999999999976,-0.7999999999999999,0.7999999999999999,0.3656,0.7999999999999999,0.20000000000000007,0.4991800000000001,0.0,0.7999999999999999,0.0138,,,
ViViT,7,8,0.39999999999999997,0.6,0.19999999999999998,0.8,0.19999999999999998,0.8,0.16105999999999998,-0.39999999999999997,0.7999999999999999,0.448,0.19999999999999998,0.8,-0.01932,-0.7999999999999999,0.39999999999999997,0.914,,,
ViViT,8,9,0.6000000000000001,0.3999999999999999,0.7999999999999999,0.20000000000000007,0.0,1.0,-0.05855999999999998,-0.7999999999999999,0.7999999999999999,0.3474,0.7999999999999999,0.20000000000000007,0.49348000000000003,0.0,0.7999999999999999,0.0156,,,
ViViT,9,10,0.7999999999999999,0.20000000000000007,0.39999999999999997,0.6,0.39999999999999997,0.6,0.30326,-0.39999999999999997,1.0,0.4354,0.39999999999999997,0.6,0.08267999999999999,-0.39999999999999997,0.7999999999999999,0.89,,,
ViViT,10,11,-0.19999999999999998,0.8,0.39999999999999997,0.6,-0.39999999999999997,0.6,-0.34031999999999996,-0.7999999999999999,0.39999999999999997,0.1108,0.39999999999999997,0.6,0.3096716227766017,-0.6000000000000001,0.7999999999999999,0.0684,,,
ViViT,11,12,0.0,1.0,1.0,0.0,-0.6000000000000001,0.3999999999999999,-0.55064,-1.0,0.39999999999999997,0.1092,1.0,0.0,0.8195800000000001,0.39999999999999997,1.0,0.0102,,,
VideoMAE,0,1,-0.19999999999999998,0.8,0.39999999999999997,0.6,-0.39999999999999997,0.6,-0.36202,-0.7999999999999999,0.0,0.032,0.39999999999999997,0.6,0.45878000000000013,0.0,1.0,0.0298,,,
VideoMAE,1,2,0.39999999999999997,0.6,1.0,0.0,-0.6000000000000001,0.3999999999999999,-0.54516,-1.0,0.39999999999999997,0.1126,1.0,0.0,0.8177200000000001,0.39999999999999997,1.0,0.0102,,,
VideoMAE,2,3,0.0,1.0,1.0,0.0,-0.6000000000000001,0.3999999999999999,-0.54856,-1.0,0.39999999999999997,0.1068,1.0,0.0,0.8179800000000002,0.39999999999999997,1.0,0.0076,,,
VideoMAE,3,4,0.6000000000000001,0.3999999999999999,0.7999999999999999,0.20000000000000007,0.0,1.0,-0.049119999999999976,-0.7999999999999999,0.7999999999999999,0.3674,0.7999999999999999,0.20000000000000007,0.4961400000000001,0.0,0.7999999999999999,0.0126,,,
VideoMAE,4,5,0.6000000000000001,0.3999999999999999,0.7999999999999999,0.20000000000000007,0.0,1.0,-0.046099999999999974,-0.7999999999999999,0.7999999999999999,0.3708,0.7999999999999999,0.20000000000000007,0.49172000000000005,0.0,0.7999999999999999,0.0144,,,
VideoMAE,5,6,0.6000000000000001,0.3999999999999999,0.7999999999999999,0.20000000000000007,0.0,1.0,-0.05045999999999998,-0.7999999999999999,0.7999999999999999,0.3612,0.7999999999999999,0.20000000000000007,0.49234000000000006,0.0,0.7999999999999999,0.015,,,
VideoMAE,6,7,0.7999999999999999,0.20000000000000007,0.39999999999999997,0.6,0.39999999999999997,0.6,0.3008,-0.39999999999999997,1.0,0.447,0.39999999999999997,0.6,0.07577999999999999,-0.39999999999999997,0.7999999999999999,0.9006,,,
VideoMAE,7,8,0.7999999999999999,0.20000000000000007,0.39999999999999997,0.6,0.39999999999999997,0.6,0.30704000000000004,-0.39999999999999997,1.0,0.4296,0.39999999999999997,0.6,0.08515999999999999,-0.39999999999999997,0.7999999999999999,0.88,,,
VideoMAE,8,9,0.6000000000000001,0.3999999999999999,0.7999999999999999,0.20000000000000007,0.0,1.0,-0.04943999999999998,-0.7999999999999999,0.7999999999999999,0.3678,0.7999999999999999,0.20000000000000007,0.4955,0.0,0.7999999999999999,0.0144,,,
VideoMAE,9,10,0.7999999999999999,0.20000000000000007,0.39999999999999997,0.6,0.39999999999999997,0.6,0.3027283772233983,-0.39999999999999997,1.0,0.4378,0.39999999999999997,0.6,0.07465999999999999,-0.39999999999999997,0.7999999999999999,0.9138,,,
VideoMAE,10,11,0.0,1.0,1.0,0.0,-0.6000000000000001,0.3999999999999999,-0.55194,-1.0,0.39999999999999997,0.104,1.0,0.0,0.8216400000000001,0.39999999999999997,1.0,0.01,,,
VideoMAE,11,12,0.0,1.0,1.0,0.0,-0.6000000000000001,0.3999999999999999,-0.5496599999999999,-1.0,0.39999999999999997,0.1062,1.0,0.0,0.8195,0.39999999999999997,1.0,0.0092,,,
