model,layer_index,layer_number,woven_spearman,dnn_spearman,pred_dict_path,tower_neural_spearman,tower_neural_p,v1_neural_spearman,v1_neural_p
videomae,0,1,0.2571428571428572,-0.028571428571428574,/gpfs/milgram/pi/yildirim/wb338/github/fmri/submit_new_codes_after_nc-r1/new/outputs/analysis/model_predictions_all_layers/videomae_ridge_mean_1.0_ntrain=7075/pred_dict_layer_index=0_layer_number=1.npy,0.07164695248000612,0.3628,-0.08031271073104208,0.409
videomae,1,2,0.2,-0.6,/gpfs/milgram/pi/yildirim/wb338/github/fmri/submit_new_codes_after_nc-r1/new/outputs/analysis/model_predictions_all_layers/videomae_ridge_mean_1.0_ntrain=7075/pred_dict_layer_index=1_layer_number=2.npy,0.07263242678584991,0.4374,-0.18510218785766172,0.0448
videomae,2,3,-0.3714285714285715,-0.48571428571428577,/gpfs/milgram/pi/yildirim/wb338/github/fmri/submit_new_codes_after_nc-r1/new/outputs/analysis/model_predictions_all_layers/videomae_ridge_mean_1.0_ntrain=7075/pred_dict_layer_index=2_layer_number=3.npy,-0.001110733763090228,0.983,-0.06442553792552298,0.4844
videomae,3,4,-0.3142857142857143,-0.2571428571428572,/gpfs/milgram/pi/yildirim/wb338/github/fmri/submit_new_codes_after_nc-r1/new/outputs/analysis/model_predictions_all_layers/videomae_ridge_mean_1.0_ntrain=7075/pred_dict_layer_index=3_layer_number=4.npy,-0.04474468832499547,0.5744,-0.13168718049043082,0.1724
videomae,4,5,-0.3142857142857143,-0.2571428571428572,/gpfs/milgram/pi/yildirim/wb338/github/fmri/submit_new_codes_after_nc-r1/new/outputs/analysis/model_predictions_all_layers/videomae_ridge_mean_1.0_ntrain=7075/pred_dict_layer_index=4_layer_number=5.npy,-0.04474468832499547,0.5784,-0.13168718049043082,0.1716
videomae,5,6,-0.14285714285714288,-0.3714285714285715,/gpfs/milgram/pi/yildirim/wb338/github/fmri/submit_new_codes_after_nc-r1/new/outputs/analysis/model_predictions_all_layers/videomae_ridge_mean_1.0_ntrain=7075/pred_dict_layer_index=5_layer_number=6.npy,-0.008650430650795496,0.9136,-0.07309628170393608,0.4224
videomae,6,7,-0.3142857142857143,-0.2571428571428572,/gpfs/milgram/pi/yildirim/wb338/github/fmri/submit_new_codes_after_nc-r1/new/outputs/analysis/model_predictions_all_layers/videomae_ridge_mean_1.0_ntrain=7075/pred_dict_layer_index=6_layer_number=7.npy,-0.04474468832499547,0.5814,-0.13168718049043082,0.1682
videomae,7,8,-0.2,-0.48571428571428577,/gpfs/milgram/pi/yildirim/wb338/github/fmri/submit_new_codes_after_nc-r1/new/outputs/analysis/model_predictions_all_layers/videomae_ridge_mean_1.0_ntrain=7075/pred_dict_layer_index=7_layer_number=8.npy,0.008405887857834637,0.9118,-0.13906146834189548,0.1418
videomae,8,9,-0.3142857142857143,-0.2571428571428572,/gpfs/milgram/pi/yildirim/wb338/github/fmri/submit_new_codes_after_nc-r1/new/outputs/analysis/model_predictions_all_layers/videomae_ridge_mean_1.0_ntrain=7075/pred_dict_layer_index=8_layer_number=9.npy,-0.09186454598231113,0.2742,-0.19604084703442667,0.0242
videomae,9,10,-0.14285714285714288,-0.3714285714285715,/gpfs/milgram/pi/yildirim/wb338/github/fmri/submit_new_codes_after_nc-r1/new/outputs/analysis/model_predictions_all_layers/videomae_ridge_mean_1.0_ntrain=7075/pred_dict_layer_index=9_layer_number=10.npy,-0.008650430650795496,0.9158,-0.07309628170393608,0.4468
videomae,10,11,-0.08571428571428573,0.2,/gpfs/milgram/pi/yildirim/wb338/github/fmri/submit_new_codes_after_nc-r1/new/outputs/analysis/model_predictions_all_layers/videomae_ridge_mean_1.0_ntrain=7075/pred_dict_layer_index=10_layer_number=11.npy,-0.056755762613954965,0.5078,-0.0326604711213124,0.729
videomae,11,12,-0.08571428571428573,0.2,/gpfs/milgram/pi/yildirim/wb338/github/fmri/submit_new_codes_after_nc-r1/new/outputs/analysis/model_predictions_all_layers/videomae_ridge_mean_1.0_ntrain=7075/pred_dict_layer_index=11_layer_number=12.npy,-0.056755762613954965,0.5012,-0.0326604711213124,0.742
vivit,0,1,-0.4285714285714286,-0.3142857142857143,/gpfs/milgram/pi/yildirim/wb338/github/fmri/submit_new_codes_after_nc-r1/new/outputs/analysis/model_predictions_all_layers/vivit_ridge_cls_1.0_ntrain=7075/pred_dict_layer_index=0_layer_number=1.npy,-0.16104806954649334,0.0976,-0.2309390490295352,0.0064
vivit,1,2,-0.4285714285714286,-0.2571428571428572,/gpfs/milgram/pi/yildirim/wb338/github/fmri/submit_new_codes_after_nc-r1/new/outputs/analysis/model_predictions_all_layers/vivit_ridge_cls_1.0_ntrain=7075/pred_dict_layer_index=1_layer_number=2.npy,-0.12988536562766123,0.092,-0.21575427104793846,0.0064
vivit,2,3,-0.3142857142857143,-0.2571428571428572,/gpfs/milgram/pi/yildirim/wb338/github/fmri/submit_new_codes_after_nc-r1/new/outputs/analysis/model_predictions_all_layers/vivit_ridge_cls_1.0_ntrain=7075/pred_dict_layer_index=2_layer_number=3.npy,-0.04474468832499547,0.5666,-0.13168718049043082,0.1612
vivit,3,4,-0.4285714285714286,0.5428571428571429,/gpfs/milgram/pi/yildirim/wb338/github/fmri/submit_new_codes_after_nc-r1/new/outputs/analysis/model_predictions_all_layers/vivit_ridge_cls_1.0_ntrain=7075/pred_dict_layer_index=3_layer_number=4.npy,-0.12283306987025182,0.1502,0.04536132445161085,0.5386
vivit,4,5,-0.5428571428571429,-0.028571428571428574,/gpfs/milgram/pi/yildirim/wb338/github/fmri/submit_new_codes_after_nc-r1/new/outputs/analysis/model_predictions_all_layers/vivit_ridge_cls_1.0_ntrain=7075/pred_dict_layer_index=4_layer_number=5.npy,-0.1359160841531757,0.0676,-0.1440263166524779,0.0522
vivit,5,6,-0.3714285714285715,-0.2,/gpfs/milgram/pi/yildirim/wb338/github/fmri/submit_new_codes_after_nc-r1/new/outputs/analysis/model_predictions_all_layers/vivit_ridge_cls_1.0_ntrain=7075/pred_dict_layer_index=5_layer_number=6.npy,-0.12643735935368508,0.1576,-0.2152140477109374,0.0084
vivit,6,7,-0.2,-0.48571428571428577,/gpfs/milgram/pi/yildirim/wb338/github/fmri/submit_new_codes_after_nc-r1/new/outputs/analysis/model_predictions_all_layers/vivit_ridge_cls_1.0_ntrain=7075/pred_dict_layer_index=6_layer_number=7.npy,0.008405887857834637,0.9092,-0.13906146834189548,0.1598
vivit,7,8,0.14285714285714288,0.8857142857142858,/gpfs/milgram/pi/yildirim/wb338/github/fmri/submit_new_codes_after_nc-r1/new/outputs/analysis/model_predictions_all_layers/vivit_ridge_cls_1.0_ntrain=7075/pred_dict_layer_index=7_layer_number=8.npy,-0.042113407206770814,0.5984,0.19269666873484734,0.036
vivit,8,9,-0.08571428571428573,0.2,/gpfs/milgram/pi/yildirim/wb338/github/fmri/submit_new_codes_after_nc-r1/new/outputs/analysis/model_predictions_all_layers/vivit_ridge_cls_1.0_ntrain=7075/pred_dict_layer_index=8_layer_number=9.npy,-0.056755762613954965,0.4932,-0.0326604711213124,0.7372
vivit,9,10,0.2571428571428572,-0.028571428571428574,/gpfs/milgram/pi/yildirim/wb338/github/fmri/submit_new_codes_after_nc-r1/new/outputs/analysis/model_predictions_all_layers/vivit_ridge_cls_1.0_ntrain=7075/pred_dict_layer_index=9_layer_number=10.npy,0.07164695248000612,0.3682,-0.08031271073104208,0.4018
vivit,10,11,-0.3142857142857143,-0.2571428571428572,/gpfs/milgram/pi/yildirim/wb338/github/fmri/submit_new_codes_after_nc-r1/new/outputs/analysis/model_predictions_all_layers/vivit_ridge_cls_1.0_ntrain=7075/pred_dict_layer_index=10_layer_number=11.npy,-0.09186454598231113,0.2888,-0.19604084703442667,0.0208
vivit,11,12,-0.48571428571428577,-0.3714285714285715,/gpfs/milgram/pi/yildirim/wb338/github/fmri/submit_new_codes_after_nc-r1/new/outputs/analysis/model_predictions_all_layers/vivit_ridge_cls_1.0_ntrain=7075/pred_dict_layer_index=11_layer_number=12.npy,-0.16449607582046946,0.0462,-0.2314792723665362,0.008
vjepa2,0,1,0.5428571428571429,0.4285714285714286,/gpfs/milgram/pi/yildirim/wb338/github/fmri/submit_new_codes_after_nc-r1/new/outputs/analysis/model_predictions_all_layers/vjepa2_hf_ridge_mean_1.0_ntrain=7075/pred_dict_layer_index=0_layer_number=1.npy,0.12537139548125273,0.0926,0.05307197729618385,0.5604
vjepa2,1,2,-0.08571428571428573,0.3142857142857143,/gpfs/milgram/pi/yildirim/wb338/github/fmri/submit_new_codes_after_nc-r1/new/outputs/analysis/model_predictions_all_layers/vjepa2_hf_ridge_mean_1.0_ntrain=7075/pred_dict_layer_index=1_layer_number=2.npy,0.0055696452237092575,0.9302,-0.0022909151581188836,0.9444
vjepa2,2,3,0.2,-0.48571428571428577,/gpfs/milgram/pi/yildirim/wb338/github/fmri/submit_new_codes_after_nc-r1/new/outputs/analysis/model_predictions_all_layers/vjepa2_hf_ridge_mean_1.0_ntrain=7075/pred_dict_layer_index=2_layer_number=3.npy,0.177530521236707,0.0752,0.02421488651288518,0.7784
vjepa2,3,4,0.8857142857142858,0.14285714285714288,/gpfs/milgram/pi/yildirim/wb338/github/fmri/submit_new_codes_after_nc-r1/new/outputs/analysis/model_predictions_all_layers/vjepa2_hf_ridge_mean_1.0_ntrain=7075/pred_dict_layer_index=3_layer_number=4.npy,0.26439459289000533,0.0062,0.0894776783269222,0.274
vjepa2,4,5,-0.2,-0.2,/gpfs/milgram/pi/yildirim/wb338/github/fmri/submit_new_codes_after_nc-r1/new/outputs/analysis/model_predictions_all_layers/vjepa2_hf_ridge_mean_1.0_ntrain=7075/pred_dict_layer_index=4_layer_number=5.npy,0.01910216381549475,0.8158,-0.061899926417253344,0.4982
vjepa2,5,6,0.3142857142857143,0.6571428571428573,/gpfs/milgram/pi/yildirim/wb338/github/fmri/submit_new_codes_after_nc-r1/new/outputs/analysis/model_predictions_all_layers/vjepa2_hf_ridge_mean_1.0_ntrain=7075/pred_dict_layer_index=5_layer_number=6.npy,0.08131985731038814,0.2992,0.10508650767813262,0.1778
vjepa2,6,7,0.8285714285714287,0.4285714285714286,/gpfs/milgram/pi/yildirim/wb338/github/fmri/submit_new_codes_after_nc-r1/new/outputs/analysis/model_predictions_all_layers/vjepa2_hf_ridge_mean_1.0_ntrain=7075/pred_dict_layer_index=6_layer_number=7.npy,0.2146920229811513,0.0074,0.09739218951538793,0.2482
vjepa2,7,8,0.3142857142857143,0.6571428571428573,/gpfs/milgram/pi/yildirim/wb338/github/fmri/submit_new_codes_after_nc-r1/new/outputs/analysis/model_predictions_all_layers/vjepa2_hf_ridge_mean_1.0_ntrain=7075/pred_dict_layer_index=7_layer_number=8.npy,0.08131985731038814,0.3036,0.10508650767813262,0.1748
vjepa2,8,9,-0.14285714285714288,-0.3714285714285715,/gpfs/milgram/pi/yildirim/wb338/github/fmri/submit_new_codes_after_nc-r1/new/outputs/analysis/model_predictions_all_layers/vjepa2_hf_ridge_mean_1.0_ntrain=7075/pred_dict_layer_index=8_layer_number=9.npy,-0.008650430650795496,0.9046,-0.07309628170393608,0.4364
vjepa2,9,10,0.2571428571428572,-0.7714285714285715,/gpfs/milgram/pi/yildirim/wb338/github/fmri/submit_new_codes_after_nc-r1/new/outputs/analysis/model_predictions_all_layers/vjepa2_hf_ridge_mean_1.0_ntrain=7075/pred_dict_layer_index=9_layer_number=10.npy,0.09121018959730605,0.329,-0.21164967638563711,0.0138
vjepa2,10,11,0.8285714285714287,0.4285714285714286,/gpfs/milgram/pi/yildirim/wb338/github/fmri/submit_new_codes_after_nc-r1/new/outputs/analysis/model_predictions_all_layers/vjepa2_hf_ridge_mean_1.0_ntrain=7075/pred_dict_layer_index=10_layer_number=11.npy,0.2146920229811513,0.008,0.09739218951538793,0.2462
vjepa2,11,12,-0.48571428571428577,-0.08571428571428573,/gpfs/milgram/pi/yildirim/wb338/github/fmri/submit_new_codes_after_nc-r1/new/outputs/analysis/model_predictions_all_layers/vjepa2_hf_ridge_mean_1.0_ntrain=7075/pred_dict_layer_index=11_layer_number=12.npy,-0.054223413124486065,0.511,-0.060499449431971275,0.4798
vjepa2,12,13,-0.48571428571428577,-0.3714285714285715,/gpfs/milgram/pi/yildirim/wb338/github/fmri/submit_new_codes_after_nc-r1/new/outputs/analysis/model_predictions_all_layers/vjepa2_hf_ridge_mean_1.0_ntrain=7075/pred_dict_layer_index=12_layer_number=13.npy,-0.02313650284852251,0.7982,-0.038418272734548564,0.6748
vjepa2,13,14,-0.3714285714285715,-0.08571428571428573,/gpfs/milgram/pi/yildirim/wb338/github/fmri/submit_new_codes_after_nc-r1/new/outputs/analysis/model_predictions_all_layers/vjepa2_hf_ridge_mean_1.0_ntrain=7075/pred_dict_layer_index=13_layer_number=14.npy,-0.02153926490282797,0.805,-0.005896973340390558,0.9702
vjepa2,14,15,0.7714285714285715,-0.08571428571428573,/gpfs/milgram/pi/yildirim/wb338/github/fmri/submit_new_codes_after_nc-r1/new/outputs/analysis/model_predictions_all_layers/vjepa2_hf_ridge_mean_1.0_ntrain=7075/pred_dict_layer_index=14_layer_number=15.npy,0.2468402012058272,0.0122,0.007787490370365052,0.9216
vjepa2,15,16,-0.028571428571428574,0.14285714285714288,/gpfs/milgram/pi/yildirim/wb338/github/fmri/submit_new_codes_after_nc-r1/new/outputs/analysis/model_predictions_all_layers/vjepa2_hf_ridge_mean_1.0_ntrain=7075/pred_dict_layer_index=15_layer_number=16.npy,0.024147408035165407,0.7414,-0.028838403686094295,0.7096
vjepa2,16,17,-0.2,-0.2,/gpfs/milgram/pi/yildirim/wb338/github/fmri/submit_new_codes_after_nc-r1/new/outputs/analysis/model_predictions_all_layers/vjepa2_hf_ridge_mean_1.0_ntrain=7075/pred_dict_layer_index=16_layer_number=17.npy,0.01910216381549475,0.801,-0.061899926417253344,0.5024
vjepa2,17,18,0.2,0.4285714285714286,/gpfs/milgram/pi/yildirim/wb338/github/fmri/submit_new_codes_after_nc-r1/new/outputs/analysis/model_predictions_all_layers/vjepa2_hf_ridge_mean_1.0_ntrain=7075/pred_dict_layer_index=17_layer_number=18.npy,0.06376546562621006,0.3936,0.02339631972157549,0.7692
vjepa2,18,19,-0.5428571428571429,-0.028571428571428574,/gpfs/milgram/pi/yildirim/wb338/github/fmri/submit_new_codes_after_nc-r1/new/outputs/analysis/model_predictions_all_layers/vjepa2_hf_ridge_mean_1.0_ntrain=7075/pred_dict_layer_index=18_layer_number=19.npy,-0.1359160841531757,0.0722,-0.1440263166524779,0.0568
vjepa2,19,20,-0.14285714285714288,-0.3714285714285715,/gpfs/milgram/pi/yildirim/wb338/github/fmri/submit_new_codes_after_nc-r1/new/outputs/analysis/model_predictions_all_layers/vjepa2_hf_ridge_mean_1.0_ntrain=7075/pred_dict_layer_index=19_layer_number=20.npy,-0.008650430650795496,0.9032,-0.07309628170393608,0.439
vjepa2,20,21,-0.3142857142857143,-0.2571428571428572,/gpfs/milgram/pi/yildirim/wb338/github/fmri/submit_new_codes_after_nc-r1/new/outputs/analysis/model_predictions_all_layers/vjepa2_hf_ridge_mean_1.0_ntrain=7075/pred_dict_layer_index=20_layer_number=21.npy,-0.04474468832499547,0.569,-0.13168718049043082,0.1718
vjepa2,21,22,-0.5428571428571429,-0.028571428571428574,/gpfs/milgram/pi/yildirim/wb338/github/fmri/submit_new_codes_after_nc-r1/new/outputs/analysis/model_predictions_all_layers/vjepa2_hf_ridge_mean_1.0_ntrain=7075/pred_dict_layer_index=21_layer_number=22.npy,-0.08879622649586005,0.27,-0.079672650108482,0.3188
vjepa2,22,23,-0.08571428571428573,0.3142857142857143,/gpfs/milgram/pi/yildirim/wb338/github/fmri/submit_new_codes_after_nc-r1/new/outputs/analysis/model_predictions_all_layers/vjepa2_hf_ridge_mean_1.0_ntrain=7075/pred_dict_layer_index=22_layer_number=23.npy,0.0055696452237092575,0.9132,-0.0022909151581188836,0.946
vjepa2,23,24,0.14285714285714288,0.8857142857142858,/gpfs/milgram/pi/yildirim/wb338/github/fmri/submit_new_codes_after_nc-r1/new/outputs/analysis/model_predictions_all_layers/vjepa2_hf_ridge_mean_1.0_ntrain=7075/pred_dict_layer_index=23_layer_number=24.npy,-0.042113407206770814,0.6194,0.19269666873484734,0.038
